First Name,Last Name
John,Smith
Jane,Doe
Michael,Brown
Emily,Johnson
Robert,Davis
Sarah,Wilson
David,Lee
Laura,Taylor
Daniel,Thomas
Olivia,Martin
William,Garcia
Sophia,Martinez
James,Anderson
Isabella,Jackson
Benjamin,White
Mia,Harris
Ethan,Clark
Charlotte,Lewis
Alexander,Walker
Amelia,Hall
Henry,Allen
Evelyn,Young
Logan,King
Abigail,Scott
Sebastian,Green
Ella,Adams
Jack,Baker
Grace,Nelson
Owen,Carter
Avery,Mitchell
Lucas,Perez
Harper,Roberts
Jackson,Turner
Eleanor,Phillips
Matthew,Campbell
Scarlett,Parker
Joseph,Evans
Victoria,Edwards
Samuel,Collins
Aria,Stewart
Wyatt,Sanchez
Penelope,Morris
Daniel,Rogers
Luna,Reed
Gabriel,Cook
Chloe,Morgan
Carter,Bell
Layla,Murphy
Anthony,Bailey
Nora,Rivera
Dylan,Cooper
Zoey,Richardson
Andrew,Cox
Hannah,Howard
Joshua,Ward
Lillian,Torres
Christopher,Peterson
Addison,Gray
Grayson,Ramirez
Aubrey,James
Isaac,Watson
Ellie,Brooks
Lincoln,Kelly
Stella,Sanders
Nathan,Price
Hazel,Bennett
Hunter,Wood
Violet,Barnes
Aaron,Ross
Aurora,Henderson
Thomas,Coleman
Camila,Jenkins
Charles,Perry
Paisley,Powell
Eli,Long
Zoe,Patterson
Isaiah,Hughes
Riley,Flores
Levi,Washington
Lydia,Butler
Julian,Simmons
Savannah,Foster
Christian,Gonzalez
Brooklyn,Bryant
Jonathan,Alexander
Claire,Russell
Ryan,Griffin
Audrey,Diaz
Asher,Hayes
Lucy,Myers
Leo,Ford
Madison,Hamilton
Hudson,Graham
Eleanor,Sullivan
Mason,Wallace
Ella,West
Aiden,Cole
Luna,Jordan
Ethan,Owens
Mila,Reyes
First Name,Last Name
John,Smith
Jane,Doe
Michael,Brown
Emily,Johnson
Robert,Davis
Sarah,Wilson
David,Lee
Laura,Taylor
Daniel,Thomas
Olivia,Martin
William,Garcia
Sophia,Martinez
James,Anderson
Isabella,Jackson
Benjamin,White
Mia,Harris
Ethan,Clark
Charlotte,Lewis
Alexander,Walker
Amelia,Hall
Henry,Allen
Evelyn,Young
Logan,King
Abigail,Scott
Sebastian,Green
Ella,Adams
Jack,Baker
Grace,Nelson
Owen,Carter
Avery,Mitchell
Lucas,Perez
Harper,Roberts
Jackson,Turner
Eleanor,Phillips
Matthew,Campbell
Scarlett,Parker
Joseph,Evans
Victoria,Edwards
Samuel,Collins
Aria,Stewart
Wyatt,Sanchez
Penelope,Morris
Daniel,Rogers
Luna,Reed
Gabriel,Cook
Chloe,Morgan
Carter,Bell
Layla,Murphy
Anthony,Bailey
Nora,Rivera
Dylan,Cooper
Zoey,Richardson
Andrew,Cox
Hannah,Howard
Joshua,Ward
Lillian,Torres
Christopher,Peterson
Addison,Gray
Grayson,Ramirez
Aubrey,James
Isaac,Watson
Ellie,Brooks
Lincoln,Kelly
Stella,Sanders
Nathan,Price
Hazel,Bennett
Hunter,Wood
Violet,Barnes
Aaron,Ross
Aurora,Henderson
Thomas,Coleman
Camila,Jenkins
Charles,Perry
Paisley,Powell
Eli,Long
Zoe,Patterson
Isaiah,Hughes
Riley,Flores
Levi,Washington
Lydia,Butler
Julian,Simmons
Savannah,Foster
Christian,Gonzalez
Brooklyn,Bryant
Jonathan,Alexander
Claire,Russell
Ryan,Griffin
Audrey,Diaz
Asher,Hayes
Lucy,Myers
Leo,Ford
Madison,Hamilton
Hudson,Graham
Eleanor,Sullivan
Mason,Wallace
Ella,West
Aiden,Cole
Luna,Jordan
Ethan,Owens
Mila,Reyes
